Workbook

Sheet SUMMARY
A1: RODRIGUEZ RESIDENCE — ELECTRICAL TAKEOFF SUMMARY
A2: Oak Valley Estates Lot 5 | RAC Development | 3/5/2026
A3: Section | B3: Supply Total | C3: Notes
A4: 1. Lighting Fixtures | B4: ='1-Lighting'!H15 | C4: 24V recess can qty needs entry
A5: 2. Outlets & Devices — Main | B5: ='2-Outlets Main'!H14
A6: 3. Outlets & Devices — Upper | B6: ='3-Outlets Upper'!H13
A7: 4. Outlets & Devices — Basement | B7: ='4-Outlets Basement'!H9
A8: 5. Switches & Dimmers | B8: ='5-Switches & Dimmers'!H15
A9: 6. Electrical Boxes | B9: ='6-Electrical Boxes'!H10
A10: 7. Wire & Cable | B10: ='7-Wire & Cable'!H15
A11: 8. Panels & Controls | B11: ='8-Panels & Controls'!H22
A12: 9. Consumables | B12: ='9-Consumables'!H23
A14: TOTAL SUPPLY COST | B14: =SUM(B4:B12)
A15: Estimated Installed (supply x 2.5) | B15: =B14*2.5

Sheet 1-Lighting
A1: 1-LIGHTING
A2: # | B2: Item / Description | C2: Manufacturer | D2: Model / Part # | E2: Qty | F2: Unit | G2: Unit Price | H2: Extended | I2: Notes
A3: 1 | B3: 3.5" Recessed Wash — Main | C3: Focal Point | D3: FP3.5 / 7W | E3: 14 | F3: ea | G3: 185 | H3: =E3*G3 | I3: E102
A4: 2 | B4: 3.5" Recessed Wash — Upper/Lower | C4: Focal Point | D4: FP3.5 / 7W | E4: 129 | F4: ea | G4: 185 | H4: =E4*G4 | I4: E103
A5: 3 | B5: 3.5" Recessed Wash — Basement | C5: Focal Point | D5: FP3.5 / 7W | E5: 2 | F5: ea | G5: 185 | H5: =E5*G5 | I5: E103
A6: 4 | B6: Motion Flush Recessed — Main | C6: XAL | D6: XAL M / 12W | E6: 13 | F6: ea | G6: 225 | H6: =E6*G6 | I6: E102
A7: 5 | B7: Motion Flush Recessed — Upper/Lower | C7: XAL | D7: XAL M / 12W | E7: 9 | F7: ea | G7: 225 | H7: =E7*G7 | I7: E103
A8: 6 | B8: Motion Flush Recessed — Basement | C8: XAL | D8: XAL M / 12W | E8: 1 | F8: ea | G8: 225 | H8: =E8*G8 | I8: E103
A9: 7 | B9: Laundry Recessed Light | C9: XAL | D9: XAL Laundry / 7W | E9: 4 | F9: ea | G9: 150 | H9: =E9*G9 | I9: E103 Lvl 12
A10: 8 | B10: LED Strip Pendant | C10: Fly Achilles | D10: Minimalist 16W | E10: 2 | F10: ea | G10: 500 | H10: =E10*G10 | I10: E103
A11: 9 | B11: A-Tube Pendant | C11: Lightology | D11: A Tubes / 12W | E11: 4 | F11: ea | G11: 350 | H11: =E11*G11 | I11: E103
A12: 10 | B12: Smart Mirror (elec connection) | C12: — | D12: — | E12: 1 | F12: ea | G12: 800 | H12: =E12*G12 | I12: E103 Basement
A13: 11 | B13: IP65 RGBW LED Strip 24V | C13: — | D13: — | E13: 934 | F13: LF | G13: 8 | H13: =E13*G13 | I13: 812 LF measured E102+E103 dims +15% waste
A14: 12 | B14: 24V RGBW Recessed Can | C14: — | D14: — | E14: 0 | F14: ea | G14: 65 | H14: =E14*G14 | I14: >>> ENTER QTY FROM E102/E104 SCHEDULE <<<
A15: SUBTOTAL — 1-Lighting | H15: =SUM(H3:H14)

Sheet 2-Outlets Main
A1: 2-OUTLETS MAIN
A2: # | B2: Item / Description | C2: Manufacturer | D2: Model / Part # | E2: Qty | F2: Unit | G2: Unit Price | H2: Extended | I2: Notes
A3: 1 | B3: Duplex Outlet 15A/120V | C3: Leviton | D3: 5320-W | E3: 32 | F3: ea | G3: 8 | H3: =E3*G3
A4: 2 | B4: GFCI Outlet 20A — Countertop | C4: Leviton | D4: GFNT2-W | E4: 14 | F4: ea | G4: 20 | H4: =E4*G4
A5: 3 | B5: GFCI Outlet 20A — Island | C5: Leviton | D5: GFNT2-W | E5: 4 | F5: ea | G5: 20 | H5: =E5*G5
A6: 4 | B6: Floor Outlet (in-floor box) | C6: Hubbell | D6: S1CTRNIBK | E6: 7 | F6: ea | G6: 65 | H6: =E6*G6
A7: 5 | B7: Range Outlet 50A/240V | C7: Leviton | D7: 5051-S | E7: 5 | F7: ea | G7: 25 | H7: =E7*G7
A8: 6 | B8: Stack Outlet 30A/240V | C8: Leviton | D8: 4700-S | E8: 3 | F8: ea | G8: 20 | H8: =E8*G8
A9: 7 | B9: Weatherproof GFCI Outlet | C9: Leviton | D9: GFWF1-W | E9: 9 | F9: ea | G9: 30 | H9: =E9*G9
A10: 8 | B10: Microwave Outlet 20A/120V | C10: Leviton | D10: 5362-W | E10: 1 | F10: ea | G10: 15 | H10: =E10*G10
A11: 9 | B11: Communication/Duplex Outlet | C11: LeGrand | D11: Cat9 & 120 duplex | E11: 10 | F11: ea | G11: 45 | H11: =E11*G11
A12: 10 | B12: LAN Drop Cat6A | C12: RAC | D12: LAN1 | E12: 14 | F12: ea | G12: 35 | H12: =E12*G12
A13: 11 | B13: Axion 8" Android PoE Touch Screen | C13: Axion | D13: 8" PoE Android | E13: 4 | F13: ea | G13: 450 | H13: =E13*G13
A14: SUBTOTAL — 2-Outlets Main | H14: =SUM(H3:H13)

Sheet 3-Outlets Upper
A1: 3-OUTLETS UPPER
A2: # | B2: Item / Description | C2: Manufacturer | D2: Model / Part # | E2: Qty | F2: Unit | G2: Unit Price | H2: Extended | I2: Notes
A3: 1 | B3: Duplex Outlet 15A/120V | C3: Leviton | D3: 5320-W | E3: 11 | F3: ea | G3: 8 | H3: =E3*G3
A4: 2 | B4: GFCI Outlet — Countertop | C4: Leviton | D4: GFNT2-W | E4: 1 | F4: ea | G4: 20 | H4: =E4*G4
A5: 3 | B5: GFCI Outlet — Island | C5: Leviton | D5: GFNT2-W | E5: 2 | F5: ea | G5: 20 | H5: =E5*G5
A6: 4 | B6: Ceiling Outlet | C6: Leviton | D6: 5320-W | E6: 1 | F6: ea | G6: 15 | H6: =E6*G6
A7: 5 | B7: Dryer Outlet 30A/240V | C7: Leviton | D7: 4700-S | E7: 1 | F7: ea | G7: 20 | H7: =E7*G7
A8: 6 | B8: Hybrid Water Heater Outlet 240V | C8: Leviton | D8: 5051-S | E8: 1 | F8: ea | G8: 20 | H8: =E8*G8
A9: 7 | B9: Weatherproof Outlet | C9: Leviton | D9: GFWF1-W | E9: 4 | F9: ea | G9: 30 | H9: =E9*G9
A10: 8 | B10: Communication/Duplex Outlet | C10: LeGrand | D10: Cat9 & 120 duplex | E10: 4 | F10: ea | G10: 45 | H10: =E10*G10
A11: 9 | B11: LAN Drop Cat6A | C11: RAC | D11: LAN1 | E11: 5 | F11: ea | G11: 35 | H11: =E11*G11
A12: 10 | B12: Axion 8" Android PoE Touch Screen | C12: Axion | D12: 8" PoE Android | E12: 3 | F12: ea | G12: 450 | H12: =E12*G12
A13: SUBTOTAL — 3-Outlets Upper | H13: =SUM(H3:H12)

Sheet 4-Outlets Basement
A1: 4-OUTLETS BASEMENT
A2: # | B2: Item / Description | C2: Manufacturer | D2: Model / Part # | E2: Qty | F2: Unit | G2: Unit Price | H2: Extended | I2: Notes
A3: 1 | B3: Duplex Outlet 15A/120V | C3: Leviton | D3: 5320-W | E3: 10 | F3: ea | G3: 8 | H3: =E3*G3
A4: 2 | B4: GFCI Outlet — Countertop | C4: Leviton | D4: GFNT2-W | E4: 3 | F4: ea | G4: 20 | H4: =E4*G4
A5: 3 | B5: Ceiling Outlet | C5: Leviton | D5: 5320-W | E5: 3 | F5: ea | G5: 15 | H5: =E5*G5
A6: 4 | B6: Communication/Duplex Outlet | C6: LeGrand | D6: Cat9 & 120 duplex | E6: 1 | F6: ea | G6: 45 | H6: =E6*G6
A7: 5 | B7: LAN Drop Cat6A | C7: RAC | D7: LAN1 | E7: 3 | F7: ea | G7: 35 | H7: =E7*G7
A8: 6 | B8: Axion 8" Android PoE Touch Screen | C8: Axion | D8: 8" PoE Android | E8: 1 | F8: ea | G8: 450 | H8: =E8*G8
A9: SUBTOTAL — 4-Outlets Basement | H9: =SUM(H3:H8)

Sheet 5-Switches & Dimmers
A1: 5-SWITCHES & DIMMERS
A2: # | B2: Item / Description | C2: Manufacturer | D2: Model / Part # | E2: Qty | F2: Unit | G2: Unit Price | H2: Extended | I2: Notes
A3: 1 | B3: Smart Dimmer LVC Wall Controller | C3: Leviton | D3: DDL06-1LZ | E3: 11 | F3: ea | G3: 65 | H3: =E3*G3 | I3: LVC: P1x3 P2x3 P3x4 P4x1
A4: 2 | B4: Smart Switch Module LVM Load Ctrl | C4: Leviton | D4: DSL06-1LZ | E4: 23 | F4: ea | G4: 55 | H4: =E4*G4 | I4: LVM: P1x7 P2x5 P3x4 P4x7
A5: 3 | B5: Smart Dimmer LVD in-line | C5: Leviton | D5: DDL06-1LZ | E5: 2 | F5: ea | G5: 65 | H5: =E5*G5 | I5: P1-LVD-1, P3-LVD-1
A6: 4 | B6: LVS Scene Controller | C6: Leviton | D6: 5631-1LW | E6: 3 | F6: ea | G6: 75 | H6: =E6*G6 | I6: P4-LVS-1/2/3
A7: 5 | B7: 15A Single-Pole Switch | C7: Leviton | D7: M12-01421-2WS | E7: 15 | F7: ea | G7: 6 | H7: =E7*G7 | I7: Utility/non-dimmed
A8: 6 | B8: 3-Way Switch | C8: Leviton | D8: M12-05603-2WS | E8: 16 | F8: ea | G8: 9 | H8: =E8*G8 | I8: Corridors/stairs
A9: 7 | B9: 4-Way Switch | C9: Leviton | D9: M12-05604-2WS | E9: 4 | F9: ea | G9: 14 | H9: =E9*G9 | I9: Long runs
A10: 8 | B10: 20A Single-Pole Switch (fans/motors) | C10: Leviton | D10: M12-01221-2WS | E10: 6 | F10: ea | G10: 10 | H10: =E10*G10 | I10: Fans/exhaust
A11: 9 | B11: Switch Plate Single-Gang Decora | C11: Leviton | D11: 80401-W | E11: 30 | F11: ea | G11: 3 | H11: =E11*G11
A12: 10 | B12: Switch Plate Double-Gang Decora | C12: Leviton | D12: 80409-W | E12: 20 | F12: ea | G12: 4 | H12: =E12*G12
A13: 11 | B13: Switch Plate Triple-Gang Decora | C13: Leviton | D13: 80411-W | E13: 10 | F13: ea | G13: 5 | H13: =E13*G13
A14: 12 | B14: Low-Voltage Switch Box | C14: Carlon | D14: B114R-UPC | E14: 60 | F14: ea | G14: 1.5 | H14: =E14*G14 | I14: All switch locations
A15: SUBTOTAL — 5-Switches & Dimmers | H15: =SUM(H3:H14)

Sheet 6-Electrical Boxes
A1: 6-ELECTRICAL BOXES
A2: # | B2: Item / Description | C2: Manufacturer | D2: Model / Part # | E2: Qty | F2: Unit | G2: Unit Price | H2: Extended | I2: Notes
A3: 1 | B3: Single-Gang Device Box plastic | C3: Carlon | D3: B114R | E3: 180 | F3: ea | G3: 1.5 | H3: =E3*G3 | I3: All device locations
A4: 2 | B4: Double-Gang Device Box | C4: Carlon | D4: B217R | E4: 40 | F4: ea | G4: 2.25 | H4: =E4*G4 | I4: Multi-device
A5: 3 | B5: 4" Square Junction Box | C5: Steel City | D5: 52151-1/2 | E5: 60 | F5: ea | G5: 3.5 | H5: =E5*G5 | I5: Junction/splice
A6: 4 | B6: 4" Octagonal Ceiling Box | C6: Raco | D6: 0180 | E6: 170 | F6: ea | G6: 3.25 | H6: =E6*G6 | I6: Each ceiling fixture
A7: 5 | B7: Floor Outlet Box in-slab | C7: Hubbell | D7: S1CTRNIBK | E7: 7 | F7: ea | G7: 85 | H7: =E7*G7 | I7: Matches floor outlets
A8: 6 | B8: Panel Enclosure 42-circuit | C8: Leviton | D8: LP420 | E8: 4 | F8: ea | G8: 350 | H8: =E8*G8 | I8: P1-P4
A9: 7 | B9: Low-Voltage Ring Bracket | C9: Carlon | D9: LVB1 | E9: 80 | F9: ea | G9: 1.25 | H9: =E9*G9 | I9: LAN/AV/comm
A10: SUBTOTAL — 6-Electrical Boxes | H10: =SUM(H3:H9)

Sheet 7-Wire & Cable
A1: 7-WIRE & CABLE
A2: # | B2: Item / Description | C2: Manufacturer | D2: Model / Part # | E2: Qty | F2: Unit | G2: Unit Price | H2: Extended | I2: Notes
A3: 1 | B3: 12/2 NM-B Romex 15A circuits | C3: Southwire | D3: 28829022 | E3: 2000 | F3: ft | G3: 0.48 | H3: =E3*G3 | I3: General lighting/outlets
A4: 2 | B4: 12/3 NM-B 20A multi-wire | C4: Southwire | D4: 28831022 | E4: 500 | F4: ft | G4: 0.72 | H4: =E4*G4 | I4: MWBC circuits
A5: 3 | B5: 10/2 NM-B 30A circuits | C5: Southwire | D5: 28833022 | E5: 400 | F5: ft | G5: 0.85 | H5: =E5*G5 | I5: Dryer/WH/AC
A6: 4 | B6: 8/2 NM-B 40A circuits | C6: Southwire | D6: — | E6: 200 | F6: ft | G6: 1.4 | H6: =E6*G6 | I6: Range/oven/EV
A7: 5 | B7: 6/2 NM-B 50A circuits | C7: Southwire | D7: — | E7: 150 | F7: ft | G7: 2.1 | H7: =E7*G7 | I7: Range/pizza oven
A8: 6 | B8: 14/2 NM-B low-load lighting | C8: Southwire | D8: 28827022 | E8: 500 | F8: ft | G8: 0.35 | H8: =E8*G8
A9: 7 | B9: Cat6A UTP bulk | C9: Belden | D9: 10GXE00 | E9: 3000 | F9: ft | G9: 0.55 | H9: =E9*G9 | I9: LAN/PoE — 50ft avg x 60 drops
A10: 8 | B10: 18/2 Thermostat Wire | C10: Southwire | D10: 56422445 | E10: 500 | F10: ft | G10: 0.22 | H10: =E10*G10 | I10: HVAC controls x13
A11: 9 | B11: Low-Voltage 24V DC Wire 14AWG | C11: — | D11: — | E11: 2000 | F11: ft | G11: 0.3 | H11: =E11*G11 | I11: LED strip/transformer runs
A12: 10 | B12: Speaker/AV Cable 16/4 | C12: — | D12: — | E12: 500 | F12: ft | G12: 0.4 | H12: =E12*G12 | I12: AV locations
A13: 11 | B13: 3/4" EMT Conduit | C13: Allied | D13: — | E13: 200 | F13: ft | G13: 1.2 | H13: =E13*G13 | I13: Exposed/garage/mech
A14: 12 | B14: 1" EMT Conduit | C14: Allied | D14: — | E14: 100 | F14: ft | G14: 2.1 | H14: =E14*G14 | I14: Panel feeds
A15: SUBTOTAL — 7-Wire & Cable | H15: =SUM(H3:H14)

Sheet 8-Panels & Controls
A1: 8-PANELS & CONTROLS
A2: # | B2: Item / Description | C2: Manufacturer | D2: Model / Part # | E2: Qty | F2: Unit | G2: Unit Price | H2: Extended | I2: Notes
A3: 1 | B3: Leviton Load Center w/ Smart Breakers | C3: Leviton | D3: LP420-42 | E3: 2 | F3: ea | G3: 1200 | H3: =E3*G3 | I3: Main panels
A4: 2 | B4: Leviton 28" Media Center | C4: Leviton | D4: 47605-28W | E4: 1 | F4: ea | G4: 450 | H4: =E4*G4
A5: 3 | B5: Shelly PM4 4-ch power monitor | C5: Shelly | D5: PM4 | E5: 4 | F5: ea | G5: 50 | H5: =E5*G5 | I5: Per panel
A6: 4 | B6: Shelly RGBW Plus | C6: Shelly | D6: RGBW2 | E6: 8 | F6: ea | G6: 45 | H6: =E6*G6
A7: 5 | B7: Shelly Dual Cover module | C7: Shelly | D7: Plus 2PM | E7: 6 | F7: ea | G7: 35 | H7: =E7*G7
A8: 6 | B8: MeanWell HDR-150-24 3A DIN | C8: MeanWell | D8: HDR-150-24 | E8: 3 | F8: ea | G8: 55 | H8: =E8*G8
A9: 7 | B9: MeanWell HDR-240-24 10A DIN | C9: MeanWell | D9: HDR-240-24 | E9: 9 | F9: ea | G9: 75 | H9: =E9*G9
A10: 8 | B10: MeanWell HDR-320-24 13.3A DIN | C10: MeanWell | D10: HDR-320-24 | E10: 9 | F10: ea | G10: 95 | H10: =E10*G10
A11: 9 | B11: MeanWell HDR-360-24 15A DIN | C11: MeanWell | D11: HDR-360-24 | E11: 1 | F11: ea | G11: 110 | H11: =E11*G11
A12: 10 | B12: MeanWell HDR-480-24 20A DIN | C12: MeanWell | D12: HDR-480-24 | E12: 10 | F12: ea | G12: 130 | H12: =E12*G12
A13: 11 | B13: 24V Fused Distribution Block | C13: Wago | D13: — | E13: 8 | F13: ea | G13: 65 | H13: =E13*G13 | I13: 2 per panel
A14: 12 | B14: Homey Pro 2023 smart hub | C14: Athom | D14: Homey Pro | E14: 1 | F14: ea | G14: 300 | H14: =E14*G14
A15: 13 | B15: POE Switch managed | C15: — | D15: — | E15: 1 | F15: ea | G15: 180 | H15: =E15*G15
A16: 14 | B16: 40A/240V Circuit Breaker | C16: Leviton | D16: — | E16: 4 | F16: ea | G16: 25 | H16: =E16*G16
A17: 15 | B17: 30A/240V Circuit Breaker | C17: Leviton | D17: — | E17: 6 | F17: ea | G17: 18 | H17: =E17*G17
A18: 16 | B18: 20A/120V Circuit Breaker | C18: Leviton | D18: — | E18: 30 | F18: ea | G18: 12 | H18: =E18*G18
A19: 17 | B19: 15A/120V Circuit Breaker | C19: Leviton | D19: — | E19: 20 | F19: ea | G19: 10 | H19: =E19*G19
A20: 18 | B20: HVAC Disconnect 60A | C20: Square D | D20: DU222RB | E20: 13 | F20: ea | G20: 45 | H20: =E20*G20 | I20: E100
A21: 19 | B21: Smoke Detector hardwired | C21: Kidde | D21: — | E21: 9 | F21: ea | G21: 35 | H21: =E21*G21
A22: SUBTOTAL — 8-Panels & Controls | H22: =SUM(H3:H21)

Sheet 9-Consumables
A1: 9-CONSUMABLES
A2: # | B2: Item / Description | C2: Manufacturer | D2: Model / Part # | E2: Qty | F2: Unit | G2: Unit Price | H2: Extended | I2: Notes
A3: 1 | B3: Wago 221-412 2-pos connector | C3: Wago | D3: 221-412 | E3: 200 | F3: ea | G3: 0.45 | H3: =E3*G3
A4: 2 | B4: Wago 221-413 3-pos connector | C4: Wago | D4: 221-413 | E4: 200 | F4: ea | G4: 0.55 | H4: =E4*G4
A5: 3 | B5: Wire Nut Assortment | C5: Ideal | D5: 30-1721 | E5: 2 | F5: bag | G5: 18 | H5: =E5*G5
A6: 4 | B6: Cable Staple 1/2" NM | C6: Gardner Bender | D6: — | E6: 500 | F6: ea | G6: 0.08 | H6: =E6*G6
A7: 5 | B7: Cable Staple 3/4" NM | C7: Gardner Bender | D7: — | E7: 200 | F7: ea | G7: 0.1 | H7: =E7*G7
A8: 6 | B8: Romex Connector 1/2" | C8: Halex | D8: — | E8: 150 | F8: ea | G8: 0.65 | H8: =E8*G8
A9: 7 | B9: Romex Connector 3/4" | C9: Halex | D9: — | E9: 50 | F9: ea | G9: 0.85 | H9: =E9*G9
A10: 8 | B10: EMT Connector 3/4" | C10: Raco | D10: — | E10: 30 | F10: ea | G10: 1.2 | H10: =E10*G10
A11: 9 | B11: EMT Connector 1" | C11: Raco | D11: — | E11: 20 | F11: ea | G11: 1.8 | H11: =E11*G11
A12: 10 | B12: Electrical Tape 10-pk | C12: Scotch | D12: Super 33+ | E12: 4 | F12: pk | G12: 14 | H12: =E12*G12
A13: 11 | B13: Wire Stripper/Cutter | C13: Klein | D13: 11057 | E13: 2 | F13: ea | G13: 45 | H13: =E13*G13
A14: 12 | B14: Voltage Tester | C14: Klein | D14: NCVT-3P | E14: 2 | F14: ea | G14: 35 | H14: =E14*G14
A15: 13 | B15: Low-Voltage Staple Gun | C15: Klein | D15: VDV900-100 | E15: 1 | F15: ea | G15: 95 | H15: =E15*G15 | I15: Cat6A/AV
A16: 14 | B16: Fish Tape 50ft | C16: Klein | D16: 56350 | E16: 1 | F16: ea | G16: 65 | H16: =E16*G16
A17: 15 | B17: Cable Puller Lubricant | C17: Ideal | D17: 31-358 | E17: 2 | F17: qt | G17: 22 | H17: =E17*G17
A18: 16 | B18: Blank Cover Plates | C18: Leviton | D18: — | E18: 30 | F18: ea | G18: 1.5 | H18: =E18*G18
A19: 17 | B19: Duplex Cover Plates | C19: Leviton | D19: — | E19: 80 | F19: ea | G19: 2.25 | H19: =E19*G19
A20: 18 | B20: GFCI Cover Plates | C20: Leviton | D20: — | E20: 30 | F20: ea | G20: 3 | H20: =E20*G20
A21: 19 | B21: Data Keystone Jack Cat6A | C21: Belden | D21: AX104147 | E21: 60 | F21: ea | G21: 8.5 | H21: =E21*G21 | I21: All LAN drops
A22: 20 | B22: Surface Raceway Kit | C22: Wiremold | D22: 700 Series | E22: 2 | F22: kit | G22: 85 | H22: =E22*G22
A23: SUBTOTAL — 9-Consumables | H23: =SUM(H3:H22)
